municipio,focos
ALTAMIRA,7799
SAO FELIX DO XINGU,7474
NOVO PROGRESSO,4376
ITAITUBA,2932
PORTEL,1898
PACAJA,1618
JACAREACANGA,1556
MOJU,1205
TRAIRAO,1111
SANTA MARIA DAS BARREIRAS,1077
PLACAS,1021
RUROPOLIS,998
OBIDOS,989
URUARA,961
SENADOR JOSE PORFIRIO,943
CUMARU DO NORTE,937
ACARA,919
NOVO REPARTIMENTO,909
ANAPU,805
AVEIRO,772
SANTANA DO ARAGUAIA,753
PARAGOMINAS,735
CONCEICAO DO ARAGUAIA,698
ORIXIMINA,687
MONTE ALEGRE,647
MARABA,604
MEDICILANDIA,571
OURILANDIA DO NORTE,563
TAILANDIA,544
ALENQUER,536
PRAINHA,532
RONDON DO PARA,511
PRUDENTOPOLIS,483
SANTAREM,476
TOME-ACU,440
IPIXUNA DO PARA,433
CAMETA,427
PORTO DE MOZ,405
MOJUI DOS CAMPOS,403
DOM ELISEU,370
ITUPIRANGA,356
ULIANOPOLIS,331
JURUTI,331
ALMEIRIM,325
SAO DOMINGOS DO CAPIM,324
GOIANESIA DO PARA,312
NOVA LARANJEIRAS,305
OEIRAS DO PARA,252
AGUA AZUL DO NORTE,243
BAIAO,236
PALMAS,230
RIO MARIA,229
VISEU,225
MOCAJUBA,220
AURORA DO PARA,216
NOVA ESPERANCA DO PIRIA,216
CACHOEIRA DO PIRIA,213
BREU BRANCO,208
BANNACH,206
FLORESTA DO ARAGUAIA,205
CURRALINHO,203
CAPITAO POCO,199
BREVES,194
BUJARU,188
BRASIL NOVO,187
BRAGANCA,184
TUCUMA,183
IVAI,175
PAU D'ARCO,173
ABAETETUBA,161
GARRAFAO DO NORTE,156
RIO BRANCO DO SUL,155
BOM JESUS DO TOCANTINS,155
IGARAPE-MIRI,154
CURUA,146
PARAUAPEBAS,146
LAPA,145
PINHAO,144
IRITUIA,138
BELTERRA,137
REDENCAO,136
CRUZ MACHADO,132
CONCORDIA DO PARA,130
CERRO AZUL,127
PONTA DE PEDRAS,123
BAGRE,123
CASTRO,121
TUCURUI,118
MUANA,118
GURUPA,116
GUARAPUAVA,116
RIO BONITO DO IGUACU,115
CORONEL DOMINGOS SOARES,115
QUEDAS DO IGUACU,115
CAJAZEIRAS,112
MARACANA,112
SAO MIGUEL DO GUAMA,109
BITURUNA,105
TIBAGI,100
INACIO MARTINS,100
AUGUSTO CORREA,98
CHAVES,95
SAO MATEUS DO SUL,91
CACHOEIRA DO ARARI,89
MARAPANIM,88
CANAA DOS CARAJAS,86
MELGACO,84
OLHO D'AGUA,84
PONTA GROSSA,83
ORTIGUEIRA,83
SALVATERRA,81
ELDORADO DO CARAJAS,80
CAMPO LARGO,78
SANTA LUZIA DO PARA,76
FARO,74
JAGUARIAIVA,72
ADRIANOPOLIS,70
TERRA SANTA,68
IRATI,67
RESERVA,67
XINGUARA,67
PALMEIRA,62
CANDIDO DE ABREU,62
BARCARENA,62
NOVA IPIXUNA,61
SAO GERALDO DO ARAGUAIA,61
CASCAVEL,59
PIANCO,59
CANDOI,59
CONCEICAO,58
VITORIA DO XINGU,57
IGARAPE-ACU,56
PIRAI DO SUL,56
ABEL FIGUEIREDO,55
ITAPERUCU,54
SAO JOAO DE PIRABAS,53
MAGALHAES BARATA,52
PITANGA,52
TRACUATEUA,52
SAO JOAO DO ARAGUAIA,52
SOUSA,50
GOIOXIM,50
IMACULADA,48
SAO JOAO DO TRIUNFO,48
CASTANHAL,48
TURVO,47
ANTONIO OLINTO,46
POMBAL,46
ITAPORANGA,45
NOVA TIMBOTEUA,44
JACUNDA,44
MANGUEIRINHA,43
CURIONOPOLIS,42
SAO JERONIMO DA SERRA,41
PRIMAVERA,41
PICARRA,40
GENERAL CARNEIRO,40
IPIRANGA,40
DOUTOR ULYSSES,40
PRINCESA ISABEL,39
TEIXEIRA SOARES,39
SANTA MARIA DO OESTE,39
JACAREZINHO,39
RONDON,38
SAO DOMINGOS DO ARAGUAIA,38
GUAIRACA,37
BOA VENTURA DE SAO ROQUE,37
SOURE,37
UIRAUNA,37
SAO FRANCISCO DO PARA,36
MALLET,36
RIO AZUL,36
BOCAIUVA DO SUL,36
SAO CAETANO DE ODIVELAS,35
QUERENCIA DO NORTE,34
BONITO,34
ESPIGAO ALTO DO IGUACU,33
PEIXE-BOI,33
LARANJEIRAS DO SUL,33
TIJUCAS DO SUL,33
CACHOEIRA DOS INDIOS,32
CAPANEMA,32
CHOPINZINHO,31
PIEN,31
SAO JOSE DE PIRANHAS,31
SANTANA DOS GARROTES,31
LONDRINA,31
CURIUVA,30
IMBITUVA,29
SAO JOSE DA LAGOA TAPADA,29
SAO JOSE DE ESPINHARAS,29
CANTAGALO,29
DIAMANTE,29
SAPOPEMA,29
OUREM,28
SAO JOAO DO RIO DO PEIXE,28
COREMAS,28
CLEVELANDIA,28
GUAIRA,27
FRANCISCO BELTRAO,27
NAZAREZINHO,27
CAMPINA DO SIMAO,27
PARANAVAI,27
BANDEIRANTES,27
SANTAREM NOVO,26
MAE D'AGUA,25
SANTO ANTONIO DA PLATINA,25
PALMITAL,24
APARECIDA,24
ALMIRANTE TAMANDARE,24
CURUCA,24
SANTANA DE MANGUEIRA,24
IBAITI,24
PATOS,23
GUAMIRANGA,23
RIO NEGRO,23
HONORIO SERPA,22
MANDIRITUBA,22
SANTA CRUZ DO ARARI,22
CAJAZEIRINHAS,22
RESERVA DO IGUACU,22
PORECATU,22
QUITANDINHA,22
CATOLE DO ROCHA,22
CURRAL VELHO,22
BONITO DE SANTA FE,22
APUCARANA,22
REBOUCAS,22
MAE DO RIO,21
GUARANIACU,21
PORTO BARREIRO,21
MANAIRA,21
SAO JOSE DOS PINHAIS,21
BOA VENTURA,20
TAPEJARA,20
FERNANDES PINHEIRO,20
JURU,20
JOCA CLAUDINO,20
IMBAU,20
BREJO GRANDE DO ARAGUAIA,20
SANTA CRUZ DE MONTE CASTELO,20
VIRMOND,20
CATINGUEIRA,20
SANTA RITA,19
SANTA MARIA DO PARA,19
UMUARAMA,19
SAPUCAIA,19
SAO JOSE DE PRINCESA,19
IBIARA,19
SANTO ANTONIO DO TAUA,19
MONTEIRO,19
BOM SUCESSO,19
QUATIPURU,18
PALESTINA DO PARA,18
IRETAMA,18
VENTANIA,18
FLORESTOPOLIS,18
CARAMBEI,18
POCO DE JOSE DE MOURA,18
PORTO VITORIA,17
AGUIAR,17
NOVA OLINDA,17
INHANGAPI,17
SANTA CRUZ,17
CORNELIO PROCOPIO,17
LAGOA,16
POCO DANTAS,16
MALTA,16
MANOEL RIBAS,16
MOREIRA SALES,16
JAGUAPITA,16
ALTO PARAISO,16
BERNARDINO BATISTA,16
SAO SEBASTIAO DA BOA VISTA,15
AGUDOS DO SUL,15
CAMBARA,15
RIO TINTO,15
SAO PEDRO DO IVAI,15
IGARACY,15
ALTONIA,14
MARILENA,14
VIEIROPOLIS,14
SANTA IZABEL DO PARA,14
MONTE HOREBE,14
TUNAS DO PARANA,14
MANFRINOPOLIS,14
CRUZEIRO DO OESTE,14
COLOMBO,14
INAJA,14
SANTA TERESINHA,14
CIDADE GAUCHA,14
MARQUINHO,14
CAMBE,14
CENTENARIO DO SUL,14
NOVA ESPERANCA,14
SAO JOAO DA PONTA,13
DIAMANTE DO SUL,13
CATANDUVAS,13
LIMOEIRO DO AJURU,13
AGUA BRANCA,13
TERRA RICA,13
ALTO PARANA,13
TAMARANA,13
GOIOERE,13
PEDRA BRANCA,12
BALSA NOVA,12
CAMPO MOURAO,12
SANTO ANTONIO DO CAIUA,12
MATO RICO,12
TAVARES,12
TUNEIRAS DO OESTE,12
PARANACITY,12
VIGIA,12
PORTO AMAZONAS,12
ICARAIMA,12
CORONEL VIVIDA,12
SALINOPOLIS,12
MARILUZ,11
SANTA INES,11
MARUMBI,11
PEROBAL,11
MANDAGUACU,11
UNIAO DA VITORIA,11
ARAPONGAS,11
CAMPINA GRANDE DO SUL,11
SAO TOME,11
TELEMACO BORBA,11
GUAPIRAMA,11
PAULO FRONTIN,10
PAULISTA,10
MARINGA,10
ARARUNA,10
RONCADOR,10
PEDRAS DE FOGO,10
INGA,10
ROLANDIA,10
RENASCENCA,10
CONGONHINHAS,10
PRESIDENTE CASTELO BRANCO,10
LOANDA,10
PLANALTO,10
TRIUNFO,10
CAMPO MAGRO,10
SAO FRANCISCO,10
ARAPOTI,10
BOM JESUS DO SUL,10
CORBELIA,9
LASTRO,9
CAMPO BONITO,9
ITAUNA DO SUL,9
PEABIRU,9
SAO JOSE DE CAIANA,9
MARMELEIRO,9
JARDIM ALEGRE,9
CRUZEIRO DO SUL,9
ALTO PIQUIRI,9
SENGES,9
LUIZIANA,9
PAULA FREITAS,9
MANDAGUARI,9
CIANORTE,8
GUAPOREMA,8
DOURADINA,8
COLARES,8
ANAJAS,8
ROSARIO DO IVAI,8
PIRAQUARA,8
AMAPORA,8
CONTENDA,8
ASTORGA,8
BORRAZOPOLIS,8
SANTA FE,8
FLOR DA SERRA DO SUL,8
ARAUCARIA,8
TOMAZINA,8
NOVA TEBAS,8
NATUBA,8
SANTO ANTONIO DO SUDOESTE,8
BOM JESUS,8
MOGEIRO,8
ITAMBARACA,8
LARANJAL,8
ITAMBE,8
NOSSA SENHORA DAS GRACAS,8
CAMPO DO TENENTE,8
ALAGOA GRANDE,8
CAMBIRA,7
AFUA,7
CAFELANDIA,7
SAO MANOEL DO PARANA,7
PINHAIS,7
MAMANGUAPE,7
SAO JOSE DO BONFIM,7
LOBATO,7
SANTO INACIO,7
RIBEIRAO DO PINHAL,7
PRATA,7
IVATE,7
JARDIM OLINDA,7
PATO BRANCO,7
ITAPEJARA D'OESTE,7
SAO JOSE DA BOA VISTA,7
TERRA BOA,7
SAO JOAO DO CAIUA,7
SAO BENTO,7
COLORADO,7
FAXINAL,7
NOVA ESPERANCA DO SUDOESTE,7
CAMPINA DA LAGOA,7
SERRA GRANDE,7
CARLOPOLIS,7
AREIA,7
RIO BOM,6
MUNHOZ DE MELO,6
JERICO,6
PAICANDU,6
LUNARDELLI,6
PLANALTINA DO PARANA,6
RIBEIRAO CLARO,6
GRANDES RIOS,6
DIAMANTE D'OESTE,6
SAO SEBASTIAO DA AMOREIRA,6
FLORAI,6
BARBOSA FERRAZ,6
SAO JORGE D'OESTE,6
FORMOSA DO OESTE,6
CRUZ DO ESPIRITO SANTO,6
ANDIRA,6
IBEMA,6
TAMBOARA,6
FOZ DO JORDAO,6
MARIOPOLIS,6
SAO MAMEDE,6
SANTA IZABEL DO OESTE,6
MIRADOR,6
SANTA ISABEL DO IVAI,6
BELA VISTA DO PARAISO,5
MATUREIA,5
ALVORADA DO SUL,5
MARIZOPOLIS,5
TACIMA,5
SUME,5
BELEM,5
PRIMEIRO DE MAIO,5
ABATIA,5
ASSAI,5
FAZENDA RIO GRANDE,5
SALGADO FILHO,5
QUINTA DO SOL,5
TAPIRA,5
JACARAU,5
TRES BARRAS DO PARANA,5
SANTA HELENA,5
MIRASELVA,5
EMAS,5
INDIANOPOLIS,5
IPORA,5
AMPERE,5
PINHALAO,5
MARIA HELENA,5
MARIALVA,5
DESTERRO,5
BREJO DO CRUZ,5
XAMBRE,5
CALIFORNIA,4
IVAIPORA,4
REALEZA,4
TERRA ALTA,4
CONDADO,4
AMPARO,4
JATAIZINHO,4
FIGUEIRA,4
QUATRO BARRAS,4
PALOTINA,4
CAAPORA,4
SANTANA DO ITARARE,4
CRUZEIRO DO IGUACU,4
SAO PEDRO DO PARANA,4
UNIFLOR,4
BREJO DOS SANTOS,4
MARILANDIA DO SUL,4
LUCENA,4
FOZ DO IGUACU,4
CAICARA,4
MERCEDES,4
IBIPORA,4
SANTA MONICA,4
SANTA TEREZINHA DE ITAIPU,3
WENCESLAU BRAZ,3
SAO JOAO,3
SAO CARLOS DO IVAI,3
CAFEARA,3
SAO BENTINHO,3
SALTO DO LONTRA,3
SAO PEDRO DO IGUACU,3
RIO BRANCO DO IVAI,3
MEDIANEIRA,3
RIACHO DOS CAVALOS,3
ALHANDRA,3
SERRA DA RAIZ,3
NOVA CANTU,3
GUARACI,3
SERTANOPOLIS,3
BARRA DE SANTANA,3
BARRACAO,3
MAUA DA SERRA,3
AROEIRAS,3
MATELANDIA,3
ITABAIANA,3
LINDOESTE,3
JURIPIRANGA,3
JOAQUIM TAVORA,3
ALAGOA NOVA,3
JANIOPOLIS,3
TOLEDO,3
FRANCISCO ALVES,3
SARANDI,3
PITANGUEIRAS,3
SAO JOSE DO BREJO DO CRUZ,3
CONDE,3
VARZEA,3
ANTONINA,3
CUITE DE MAMANGUAPE,3
CURITIBA,3
CURRAL DE CIMA,3
DIAMANTE DO NORTE,3
DOIS VIZINHOS,3
BELA VISTA DA CAROBA,3
PILOEZINHOS,3
ENEAS MARQUES,3
ENGENHEIRO BELTRAO,3
PEROLA D'OESTE,3
ARAPUA,3
TEIXEIRA,2
SAO JOAO DO TIGRE,2
SAO JOAO DO IVAI,2
SAO JOAO DO CARIRI,2
VISTA SERRANA,2
TERRA ROXA,2
SAUDADE DO IGUACU,2
ALTAMIRA DO PARANA,2
TUPASSI,2
ALCANTIL,2
SAPE,2
SOLEDADE,2
SERTANEJA,2
SAO MIGUEL DO IGUACU,2
NOVA OLIMPIA,2
SAO DOMINGOS,2
PASSAGEM,2
CRUZMALTINA,2
PARANAPOEMA,2
PARANAGUA,2
JUNDIAI DO SUL,2
FAGUNDES,2
ARIRANHA DO IVAI,2
ASSIS CHATEAUBRIAND,2
ATALAIA,2
FLORIDA,2
GADO BRAVO,2
GUARATUBA,2
GURINHEM,2
BANANEIRAS,2
IGUATU,2
ITATUBA,2
MATARACA,2
MASSARANDUBA,2
MARECHAL CANDIDO RONDON,2
MAMBORE,2
LUPIONOPOLIS,2
LIVRAMENTO,2
LIDIANOPOLIS,2
JAPIRA,2
KALORE,2
BELEM DO BREJO DO CRUZ,2
ARARA,2
BRAGANEY,2
ANAHY,2
ARACAGI,2
CARRAPATEIRA,2
RAMILANDIA,2
QUIXABA,2
SANTA AMELIA,2
CEU AZUL,2
PRANCHITA,2
PITIMBU,2
SANTA BARBARA DO PARA,2
CACIMBA DE AREIA,2
SANTA LUZIA,2
PILAR,2
PICUI,2
SALTO DO ITARARE,2
CAMPINA GRANDE,1
VITORINO,1
CAPIM,1
BENEVIDES,1
URAI,1
CAPITAO LEONIDAS MARQUES,1
JAPURA,1
CAMALAU,1
JANDAIA DO SUL,1
CARAUBAS,1
JABOTI,1
BOA ESPERANCA,1
CAFEZAL DO SUL,1
ITAGUAJE,1
IRACEMA DO OESTE,1
CORUMBATAI DO SUL,1
IGUARACU,1
BOM SUCESSO DO SUL,1
UBIRATA,1
CACIMBAS,1
VERE,1
DONA INES,1
CABACEIRAS,1
JESUITAS,1
MATINHAS,1
JURANDA,1
QUEIMADAS,1
PARARI,1
SAO MIGUEL DE TAIPU,1
PEROLA,1
PILOES,1
SAO JOSE DO SABUGI,1
PINHAL DE SAO BENTO,1
PIRPIRITUBA,1
SAO JORGE DO PATROCINIO,1
LAGOA DE DENTRO,1
ANANINDEUA,1
REMIGIO,1
RIACHAO DO POCO,1
SABAUDIA,1
SALGADINHO,1
SALGADO DE SAO FELIX,1
SANTA CECILIA DO PAVAO,1
OURO VELHO,1
OURIZONA,1
SAO SEBASTIAO DO UMBUZEIRO,1
NOVO ITACOLOMI,1
LAGOA SECA,1
LEOPOLIS,1
MARI,1
SANTA MARIANA,1
MISSAL,1
BARRA DE SAO MIGUEL,1
SIQUEIRA CAMPOS,1
MULUNGU,1
NOVA ALIANCA DO IVAI,1
NOVA AMERICA DA COLINA,1
SERRA BRANCA,1
NOVA FATIMA,1
NOVA FLORESTA,1
NOVA LONDRINA,1
NOVA PRATA DO IGUACU,1
ZABELE,1
